algorithm,tp,fp,fn,tn,precision,recall,f1,accuracy,ET,jaccard,sf_jaccard
VF2,1,2,0,12,0.3333333333333333,1.0,0.5,0.8666666666666667,0.00039162500000000655,0.3333333333333333,12767.315671879775
Node Match (Custom),1,1,0,13,0.5,1.0,0.6666666666666666,0.9333333333333333,0.00038274999999998727,0.5,19595.03592423318
GIN/GNN (Pickle),1,0,0,14,1.0,1.0,1.0,1.0,0.0004517079999999396,1.0,33207.29320712054
