family,variant,preset,resolution,patch_size,depths,dims,hidden_dim,embedding_dim,epochs,batch_size,learning_rate,loss,optimizer,dropout,drop_path_rate,weight_decay,algorithm,jaccard,sf_jaccard,ET,accuracy,precision,recall,f1,N_pairs,tp,fp,fn,tn,scenarios,runs
VMamba-T,vmamba_t,article_cpu,16,2,2-2-8-2,16-32-64-128,128,128,10,16,0.001,weighted_bce,adamw,0.1,0.15,0.05,VMamba-T,0.4722222222222222,150.85074376240385,0.2088024585000099,0.8254697286012526,0.5964912280701754,0.6938775510204082,0.6415094339622641,2395,374,253,165,1603,20,20
VMamba-Mesh-T,vmamba_mesh_t,article_cpu,16,2,2-2-8-2,16-32-64-128,128,128,10,16,0.001,weighted_bce,adamw,0.1,0.15,0.05,VMamba-Mesh-T,0.4161378059836809,143.67118347122118,0.21941268750001086,0.731106471816284,0.44868035190615835,0.8515769944341373,0.587708066581306,2395,459,564,80,1292,20,20
