algorithm,sf_jaccard,jaccard,ET,accuracy,sf_accuracy,N_pairs,tp,fp,fn,tn,scenarios,runs
Vanilla VMamba graph-image proxy,5416.744116,0.111757,0.03725,0.638191,15545.191077,39695,1807,14278,84,23526,20,10
VMamba-Mesh Isomera adapter,5490.453075,0.090915,0.038131,0.625167,15070.587867,39695,1488,14476,403,23328,20,10
