algorithm,sf_jaccard,jaccard,ET,accuracy,sf_accuracy,N_pairs,tp,fp,fn,tn,scenarios,runs
Vanilla VMamba graph-image proxy,5076.803916,0.255548,0.006007,0.537787,6999.149652,2395,380,948,159,908,20,10
VMamba-Mesh Isomera adapter,5464.74402,0.274798,0.005962,0.587891,8017.115973,2395,374,822,165,1034,20,10
